{
  "name": "demo",
  "version": "1.0.0",
  "lockfileVersion": 2,
  "requires": true,
  "packages": {
    "": {
      "name": "demo",
      "version": "1.0.0",
      "license": "ISC",
      "dependencies": {
        "@sendgrid/mail": "^7.7.0",
        "axios": "^0.19.2",
        "cron": "^1.8.2"
      }
    },
    "node_modules/@sendgrid/client": {
      "version": "7.7.0",
      "resolved": "https://registry.npmjs.org/@sendgrid/client/-/client-7.7.0.tgz",
      "integrity": "sha512-SxH+y8jeAQSnDavrTD0uGDXYIIkFylCo+eDofVmZLQ0f862nnqbC3Vd1ej6b7Le7lboyzQF6F7Fodv02rYspuA==",
      "dependencies": {
        "@sendgrid/helpers": "^7.7.0",
        "axios": "^0.26.0"
      },
      "engines": {
        "node": "6.* || 8.* || >=10.*"
      }
    },
    "node_modules/@sendgrid/client/node_modules/axios": {
      "version": "0.26.1",
      "resolved": "https://registry.npmjs.org/axios/-/axios-0.26.1.tgz",
      "integrity": "sha512-fPwcX4EvnSHuInCMItEhAGnaSEXRBjtzh9fOtsE6E1G6p7vl7edEeZe11QHf18+6+9gR5PbKV/sGKNaD8YaMeA==",
      "dependencies": {
        "follow-redirects": "^1.14.8"
      }
    },
    "node_modules/@sendgrid/client/node_modules/follow-redirects": {
      "version": "1.15.0",
      "resolved": "https://registry.npmjs.org/follow-redirects/-/follow-redirects-1.15.0.tgz",
      "integrity": "sha512-aExlJShTV4qOUOL7yF1U5tvLCB0xQuudbf6toyYA0E/acBNw71mvjFTnLaRp50aQaYocMR0a/RMMBIHeZnGyjQ==",
      "funding": [
        {
          "type": "individual",
          "url": "https://github.com/sponsors/RubenVerborgh"
        }
      ],
      "engines": {
        "node": ">=4.0"
      },
      "peerDependenciesMeta": {
        "debug": {
          "optional": true
        }
      }
    },
    "node_modules/@sendgrid/helpers": {
      "version": "7.7.0",
      "resolved": "https://registry.npmjs.org/@sendgrid/helpers/-/helpers-7.7.0.tgz",
      "integrity": "sha512-3AsAxfN3GDBcXoZ/y1mzAAbKzTtUZ5+ZrHOmWQ279AuaFXUNCh9bPnRpN504bgveTqoW+11IzPg3I0WVgDINpw==",
      "dependencies": {
        "deepmerge": "^4.2.2"
      },
      "engines": {
        "node": ">= 6.0.0"
      }
    },
    "node_modules/@sendgrid/mail": {
      "version": "7.7.0",
      "resolved": "https://registry.npmjs.org/@sendgrid/mail/-/mail-7.7.0.tgz",
      "integrity": "sha512-5+nApPE9wINBvHSUxwOxkkQqM/IAAaBYoP9hw7WwgDNQPxraruVqHizeTitVtKGiqWCKm2mnjh4XGN3fvFLqaw==",
      "dependencies": {
        "@sendgrid/client": "^7.7.0",
        "@sendgrid/helpers": "^7.7.0"
      },
      "engines": {
        "node": "6.* || 8.* || >=10.*"
      }
    },
    "node_modules/axios": {
      "version": "0.19.2",
      "resolved": "https://registry.npmjs.org/axios/-/axios-0.19.2.tgz",
      "integrity": "sha512-fjgm5MvRHLhx+osE2xoekY70AhARk3a6hkN+3Io1jc00jtquGvxYlKlsFUhmUET0V5te6CcZI7lcv2Ym61mjHA==",
      "deprecated": "Critical security vulnerability fixed in v0.21.1. For more information, see https://github.com/axios/axios/pull/3410",
      "dependencies": {
        "follow-redirects": "1.5.10"
      }
    },
    "node_modules/cron": {
      "version": "1.8.2",
      "resolved": "https://registry.npmjs.org/cron/-/cron-1.8.2.tgz",
      "integrity": "sha512-Gk2c4y6xKEO8FSAUTklqtfSr7oTq0CiPQeLBG5Fl0qoXpZyMcj1SG59YL+hqq04bu6/IuEA7lMkYDAplQNKkyg==",
      "dependencies": {
        "moment-timezone": "^0.5.x"
      }
    },
    "node_modules/debug": {
      "version": "3.1.0",
      "resolved": "https://registry.npmjs.org/debug/-/debug-3.1.0.tgz",
      "integrity": "sha512-OX8XqP7/1a9cqkxYw2yXss15f26NKWBpDXQd0/uK/KPqdQhxbPa994hnzjcE2VqQpDslf55723cKPUOGSmMY3g==",
      "dependencies": {
        "ms": "2.0.0"
      }
    },
    "node_modules/deepmerge": {
      "version": "4.2.2",
      "resolved": "https://registry.npmjs.org/deepmerge/-/deepmerge-4.2.2.tgz",
      "integrity": "sha512-FJ3UgI4gIl+PHZm53knsuSFpE+nESMr7M4v9QcgB7S63Kj/6WqMiFQJpBBYz1Pt+66bZpP3Q7Lye0Oo9MPKEdg==",
      "engines": {
        "node": ">=0.10.0"
      }
    },
    "node_modules/follow-redirects": {
      "version": "1.5.10",
      "resolved": "https://registry.npmjs.org/follow-redirects/-/follow-redirects-1.5.10.tgz",
      "integrity": "sha512-0V5l4Cizzvqt5D44aTXbFZz+FtyXV1vrDN6qrelxtfYQKW0KO0W2T/hkE8xvGa/540LkZlkaUjO4ailYTFtHVQ==",
      "dependencies": {
        "debug": "=3.1.0"
      },
      "engines": {
        "node": ">=4.0"
      }
    },
    "node_modules/moment": {
      "version": "2.29.3",
      "resolved": "https://registry.npmjs.org/moment/-/moment-2.29.3.tgz",
      "integrity": "sha512-c6YRvhEo//6T2Jz/vVtYzqBzwvPT95JBQ+smCytzf7c50oMZRsR/a4w88aD34I+/QVSfnoAnSBFPJHItlOMJVw==",
      "engines": {
        "node": "*"
      }
    },
    "node_modules/moment-timezone": {
      "version": "0.5.34",
      "resolved": "https://registry.npmjs.org/moment-timezone/-/moment-timezone-0.5.34.tgz",
      "integrity": "sha512-3zAEHh2hKUs3EXLESx/wsgw6IQdusOT8Bxm3D9UrHPQR7zlMmzwybC8zHEM1tQ4LJwP7fcxrWr8tuBg05fFCbg==",
      "dependencies": {
        "moment": ">= 2.9.0"
      },
      "engines": {
        "node": "*"
      }
    },
    "node_modules/ms": {
      "version": "2.0.0",
      "resolved": "https://registry.npmjs.org/ms/-/ms-2.0.0.tgz",
      "integrity": "sha1-VgiurfwAvmwpAd9fmGF4jeDVl8g="
    }
  },
  "dependencies": {
    "@sendgrid/client": {
      "version": "7.7.0",
      "resolved": "https://registry.npmjs.org/@sendgrid/client/-/client-7.7.0.tgz",
      "integrity": "sha512-SxH+y8jeAQSnDavrTD0uGDXYIIkFylCo+eDofVmZLQ0f862nnqbC3Vd1ej6b7Le7lboyzQF6F7Fodv02rYspuA==",
      "requires": {
        "@sendgrid/helpers": "^7.7.0",
        "axios": "^0.26.0"
      },
      "dependencies": {
        "axios": {
          "version": "0.26.1",
          "resolved": "https://registry.npmjs.org/axios/-/axios-0.26.1.tgz",
          "integrity": "sha512-fPwcX4EvnSHuInCMItEhAGnaSEXRBjtzh9fOtsE6E1G6p7vl7edEeZe11QHf18+6+9gR5PbKV/sGKNaD8YaMeA==",
          "requires": {
            "follow-redirects": "^1.14.8"
          }
        },
        "follow-redirects": {
          "version": "1.15.0",
          "resolved": "https://registry.npmjs.org/follow-redirects/-/follow-redirects-1.15.0.tgz",
          "integrity": "sha512-aExlJShTV4qOUOL7yF1U5tvLCB0xQuudbf6toyYA0E/acBNw71mvjFTnLaRp50aQaYocMR0a/RMMBIHeZnGyjQ=="
        }
      }
    },
    "@sendgrid/helpers": {
      "version": "7.7.0",
      "resolved": "https://registry.npmjs.org/@sendgrid/helpers/-/helpers-7.7.0.tgz",
      "integrity": "sha512-3AsAxfN3GDBcXoZ/y1mzAAbKzTtUZ5+ZrHOmWQ279AuaFXUNCh9bPnRpN504bgveTqoW+11IzPg3I0WVgDINpw==",
      "requires": {
        "deepmerge": "^4.2.2"
      }
    },
    "@sendgrid/mail": {
      "version": "7.7.0",
      "resolved": "https://registry.npmjs.org/@sendgrid/mail/-/mail-7.7.0.tgz",
      "integrity": "sha512-5+nApPE9wINBvHSUxwOxkkQqM/IAAaBYoP9hw7WwgDNQPxraruVqHizeTitVtKGiqWCKm2mnjh4XGN3fvFLqaw==",
      "requires": {
        "@sendgrid/client": "^7.7.0",
        "@sendgrid/helpers": "^7.7.0"
      }
    },
    "axios": {
      "version": "0.19.2",
      "resolved": "https://registry.npmjs.org/axios/-/axios-0.19.2.tgz",
      "integrity": "sha512-fjgm5MvRHLhx+osE2xoekY70AhARk3a6hkN+3Io1jc00jtquGvxYlKlsFUhmUET0V5te6CcZI7lcv2Ym61mjHA==",
      "requires": {
        "follow-redirects": "1.5.10"
      }
    },
    "cron": {
      "version": "1.8.2",
      "resolved": "https://registry.npmjs.org/cron/-/cron-1.8.2.tgz",
      "integrity": "sha512-Gk2c4y6xKEO8FSAUTklqtfSr7oTq0CiPQeLBG5Fl0qoXpZyMcj1SG59YL+hqq04bu6/IuEA7lMkYDAplQNKkyg==",
      "requires": {
        "moment-timezone": "^0.5.x"
      }
    },
    "debug": {
      "version": "3.1.0",
      "resolved": "https://registry.npmjs.org/debug/-/debug-3.1.0.tgz",
      "integrity": "sha512-OX8XqP7/1a9cqkxYw2yXss15f26NKWBpDXQd0/uK/KPqdQhxbPa994hnzjcE2VqQpDslf55723cKPUOGSmMY3g==",
      "requires": {
        "ms": "2.0.0"
      }
    },
    "deepmerge": {
      "version": "4.2.2",
      "resolved": "https://registry.npmjs.org/deepmerge/-/deepmerge-4.2.2.tgz",
      "integrity": "sha512-FJ3UgI4gIl+PHZm53knsuSFpE+nESMr7M4v9QcgB7S63Kj/6WqMiFQJpBBYz1Pt+66bZpP3Q7Lye0Oo9MPKEdg=="
    },
    "follow-redirects": {
      "version": "1.5.10",
      "resolved": "https://registry.npmjs.org/follow-redirects/-/follow-redirects-1.5.10.tgz",
      "integrity": "sha512-0V5l4Cizzvqt5D44aTXbFZz+FtyXV1vrDN6qrelxtfYQKW0KO0W2T/hkE8xvGa/540LkZlkaUjO4ailYTFtHVQ==",
      "requires": {
        "debug": "=3.1.0"
      }
    },
    "moment": {
      "version": "2.29.3",
      "resolved": "https://registry.npmjs.org/moment/-/moment-2.29.3.tgz",
      "integrity": "sha512-c6YRvhEo//6T2Jz/vVtYzqBzwvPT95JBQ+smCytzf7c50oMZRsR/a4w88aD34I+/QVSfnoAnSBFPJHItlOMJVw=="
    },
    "moment-timezone": {
      "version": "0.5.34",
      "resolved": "https://registry.npmjs.org/moment-timezone/-/moment-timezone-0.5.34.tgz",
      "integrity": "sha512-3zAEHh2hKUs3EXLESx/wsgw6IQdusOT8Bxm3D9UrHPQR7zlMmzwybC8zHEM1tQ4LJwP7fcxrWr8tuBg05fFCbg==",
      "requires": {
        "moment": ">= 2.9.0"
      }
    },
    "ms": {
      "version": "2.0.0",
      "resolved": "https://registry.npmjs.org/ms/-/ms-2.0.0.tgz",
      "integrity": "sha1-VgiurfwAvmwpAd9fmGF4jeDVl8g="
    }
  }
}
